date,region,production
2001-01-01,east_north_central,402.0
2001-02-01,east_north_central,348.0
2001-03-01,east_north_central,387.0
2001-04-01,east_north_central,372.0
2001-05-01,east_north_central,367.0
2001-06-01,east_north_central,365.0
2001-07-01,east_north_central,417.0
2001-08-01,east_north_central,430.0
2001-09-01,east_north_central,384.0
2001-10-01,east_north_central,420.0
2001-11-01,east_north_central,402.0
2001-12-01,east_north_central,394.0
2002-01-01,east_north_central,366.0
2002-02-01,east_north_central,282.0
2002-03-01,east_north_central,379.0
2002-04-01,east_north_central,355.0
2002-05-01,east_north_central,334.0
2002-06-01,east_north_central,328.0
2002-07-01,east_north_central,382.0
2002-08-01,east_north_central,386.0
2002-09-01,east_north_central,377.0
2002-10-01,east_north_central,356.0
2002-11-01,east_north_central,341.0
2002-12-01,east_north_central,342.0
2003-01-01,east_north_central,463.0
2003-02-01,east_north_central,424.0
2003-03-01,east_north_central,446.0
2003-04-01,east_north_central,410.0
2003-05-01,east_north_central,394.0
2003-06-01,east_north_central,382.0
2003-07-01,east_north_central,440.0
2003-08-01,east_north_central,454.0
2003-09-01,east_north_central,412.0
2003-10-01,east_north_central,425.0
2003-11-01,east_north_central,414.0
2003-12-01,east_north_central,437.0
2004-01-01,east_north_central,403.0
2004-02-01,east_north_central,401.0
2004-03-01,east_north_central,411.0
2004-04-01,east_north_central,409.0
2004-05-01,east_north_central,382.0
2004-06-01,east_north_central,383.0
2004-07-01,east_north_central,465.0
2004-08-01,east_north_central,447.0
2004-09-01,east_north_central,437.0
2004-10-01,east_north_central,445.0
2004-11-01,east_north_central,433.0
2004-12-01,east_north_central,442.0
2005-01-01,east_north_central,394.0
2005-02-01,east_north_central,373.0
2005-03-01,east_north_central,415.0
2005-04-01,east_north_central,399.0
2005-05-01,east_north_central,404.0
2005-06-01,east_north_central,415.0
2005-07-01,east_north_central,427.0
2005-08-01,east_north_central,436.0
2005-09-01,east_north_central,408.0
2005-10-01,east_north_central,424.0
2005-11-01,east_north_central,409.0
2005-12-01,east_north_central,469.0
2006-01-01,east_north_central,450.0
2006-02-01,east_north_central,405.0
2006-03-01,east_north_central,439.0
2006-04-01,east_north_central,410.0
2006-05-01,east_north_central,437.0
2006-06-01,east_north_central,420.0
2006-07-01,east_north_central,440.0
2006-08-01,east_north_central,458.0
2006-09-01,east_north_central,415.0
2006-10-01,east_north_central,454.0
2006-11-01,east_north_central,452.0
2006-12-01,east_north_central,455.0
2007-01-01,east_north_central,434.0
2007-02-01,east_north_central,392.0
2007-03-01,east_north_central,422.0
2007-04-01,east_north_central,450.0
2007-05-01,east_north_central,503.0
2007-06-01,east_north_central,469.0
2007-07-01,east_north_central,467.0
2007-08-01,east_north_central,471.0
2007-09-01,east_north_central,497.0
2007-10-01,east_north_central,563.0
2007-11-01,east_north_central,515.0
2007-12-01,east_north_central,514.0
2008-01-01,east_north_central,705.0
2008-02-01,east_north_central,632.0
2008-03-01,east_north_central,632.0
2008-04-01,east_north_central,690.0
2008-05-01,east_north_central,705.0
2008-06-01,east_north_central,693.0
2008-07-01,east_north_central,601.0
2008-08-01,east_north_central,578.0
2008-09-01,east_north_central,599.0
2008-10-01,east_north_central,810.0
2008-11-01,east_north_central,870.0
2008-12-01,east_north_central,1000.0
2009-01-01,east_north_central,854.0
2009-02-01,east_north_central,961.0
2009-03-01,east_north_central,971.0
2009-04-01,east_north_central,1006.0
2009-05-01,east_north_central,872.0
2009-06-01,east_north_central,726.0
2009-07-01,east_north_central,674.0
2009-08-01,east_north_central,761.0
2009-09-01,east_north_central,591.0
2009-10-01,east_north_central,955.0
2009-11-01,east_north_central,1169.0
2009-12-01,east_north_central,1292.0
2010-01-01,east_north_central,1244.0
2010-02-01,east_north_central,959.0
2010-03-01,east_north_central,1231.0
2010-04-01,east_north_central,1470.0
2010-05-01,east_north_central,1215.0
2010-06-01,east_north_central,913.0
2010-07-01,east_north_central,869.0
2010-08-01,east_north_central,838.0
2010-09-01,east_north_central,1191.0
2010-10-01,east_north_central,1416.0
2010-11-01,east_north_central,1627.0
2010-12-01,east_north_central,1417.0
2011-01-01,east_north_central,1327.0
2011-02-01,east_north_central,1604.0
2011-03-01,east_north_central,1536.0
2011-04-01,east_north_central,1790.0
2011-05-01,east_north_central,1421.0
2011-06-01,east_north_central,1234.0
2011-07-01,east_north_central,914.0
2011-08-01,east_north_central,915.0
2011-09-01,east_north_central,1171.0
2011-10-01,east_north_central,1407.0
2011-11-01,east_north_central,2105.0
2011-12-01,east_north_central,1727.0
2012-01-01,east_north_central,2214.0
2012-02-01,east_north_central,1677.0
2012-03-01,east_north_central,2109.0
2012-04-01,east_north_central,1984.0
2012-05-01,east_north_central,1604.0
2012-06-01,east_north_central,1526.0
2012-07-01,east_north_central,1137.0
2012-08-01,east_north_central,1080.0
2012-09-01,east_north_central,1329.0
2012-10-01,east_north_central,2007.0
2012-11-01,east_north_central,1665.0
2012-12-01,east_north_central,2335.0
2013-01-01,east_north_central,2787.0
2013-02-01,east_north_central,2133.0
2013-03-01,east_north_central,2369.0
2013-04-01,east_north_central,2598.0
2013-05-01,east_north_central,2074.0
2013-06-01,east_north_central,1577.0
2013-07-01,east_north_central,1329.0
2013-08-01,east_north_central,1193.0
2013-09-01,east_north_central,1527.0
2013-10-01,east_north_central,2010.0
2013-11-01,east_north_central,2877.0
2013-12-01,east_north_central,2414.0
2014-01-01,east_north_central,3083.0
2014-02-01,east_north_central,2230.0
2014-03-01,east_north_central,2613.0
2014-04-01,east_north_central,2695.0
2014-05-01,east_north_central,2254.0
2014-06-01,east_north_central,1766.0
2014-07-01,east_north_central,1593.0
2014-08-01,east_north_central,1274.0
2014-09-01,east_north_central,1490.0
2014-10-01,east_north_central,2237.0
2014-11-01,east_north_central,3061.0
2014-12-01,east_north_central,2353.0
2015-01-01,east_north_central,2669.0
2015-02-01,east_north_central,2453.0
2015-03-01,east_north_central,2653.0
2015-04-01,east_north_central,2714.0
2015-05-01,east_north_central,2438.0
2015-06-01,east_north_central,1703.0
2015-07-01,east_north_central,1479.0
2015-08-01,east_north_central,1547.0
2015-09-01,east_north_central,1793.0
2015-10-01,east_north_central,3012.0
2015-11-01,east_north_central,3291.0
2015-12-01,east_north_central,3191.0
2016-01-01,east_north_central,3237.0
2016-02-01,east_north_central,2984.0
2016-03-01,east_north_central,2789.0
2016-04-01,east_north_central,2560.0
2016-05-01,east_north_central,2314.0
2016-06-01,east_north_central,1802.0
2016-07-01,east_north_central,1515.0
2016-08-01,east_north_central,1289.0
2016-09-01,east_north_central,1879.0
2016-10-01,east_north_central,2477.0
2016-11-01,east_north_central,2831.0
2016-12-01,east_north_central,3281.0
2017-01-01,east_north_central,2891.0
2017-02-01,east_north_central,3051.0
2017-03-01,east_north_central,3259.0
2017-04-01,east_north_central,3178.0
2017-05-01,east_north_central,2795.0
2017-06-01,east_north_central,2461.0
2017-07-01,east_north_central,1507.0
2017-08-01,east_north_central,1407.0
2017-09-01,east_north_central,1614.0
2017-10-01,east_north_central,3048.0
2017-11-01,east_north_central,3300.0
2017-12-01,east_north_central,3415.0
2018-01-01,east_north_central,4043.0
2018-02-01,east_north_central,3034.0
2018-03-01,east_north_central,3386.0
2018-04-01,east_north_central,2841.0
2018-05-01,east_north_central,2496.0
2018-06-01,east_north_central,1877.0
2018-07-01,east_north_central,1721.0
2018-08-01,east_north_central,1783.0
2018-09-01,east_north_central,1914.0
2018-10-01,east_north_central,3071.0
2018-11-01,east_north_central,2932.0
2018-12-01,east_north_central,3278.0
2019-01-01,east_north_central,3700.0
2019-02-01,east_north_central,3241.0
2019-03-01,east_north_central,3688.0
2019-04-01,east_north_central,3920.0
2019-05-01,east_north_central,2913.0
2019-06-01,east_north_central,2637.0
2019-07-01,east_north_central,1927.0
2019-08-01,east_north_central,1723.0
2019-09-01,east_north_central,2251.0
2019-10-01,east_north_central,3188.0
2019-11-01,east_north_central,3095.0
2019-12-01,east_north_central,4051.0
2020-01-01,east_north_central,3445.0
2020-02-01,east_north_central,3654.0
2020-03-01,east_north_central,3767.0
2020-04-01,east_north_central,3640.0
2020-05-01,east_north_central,3184.0
2020-06-01,east_north_central,2553.0
2020-07-01,east_north_central,1752.0
2020-08-01,east_north_central,1668.0
2020-09-01,east_north_central,2677.0
2020-10-01,east_north_central,3578.0
2020-11-01,east_north_central,4818.0
2020-12-01,east_north_central,4164.0
2021-01-01,east_north_central,3633.0
2021-02-01,east_north_central,4012.0
2021-03-01,east_north_central,5210.0
2021-04-01,east_north_central,4121.0
2021-05-01,east_north_central,3639.0
2021-06-01,east_north_central,3226.0
2021-07-01,east_north_central,2354.0
2021-08-01,east_north_central,2336.0
2021-09-01,east_north_central,3823.0
2021-10-01,east_north_central,3667.0
2021-11-01,east_north_central,5015.0
2021-12-01,east_north_central,5256.0
2022-01-01,east_north_central,5281.0
2022-02-01,east_north_central,5462.0
2022-03-01,east_north_central,5658.0
2022-04-01,east_north_central,5713.0
2022-05-01,east_north_central,5166.0
2022-06-01,east_north_central,3936.0
2022-07-01,east_north_central,3446.0
2022-08-01,east_north_central,3137.0
2022-09-01,east_north_central,3458.0
2022-10-01,east_north_central,5109.0
2022-11-01,east_north_central,5773.0
2022-12-01,east_north_central,5121.0
2023-01-01,east_north_central,4535.0
2023-02-01,east_north_central,5553.0
2001-01-01,east_south_central,591.0
2001-02-01,east_south_central,482.0
2001-03-01,east_south_central,489.0
2001-04-01,east_south_central,498.0
2001-05-01,east_south_central,468.0
2001-06-01,east_south_central,567.0
2001-07-01,east_south_central,593.0
2001-08-01,east_south_central,584.0
2001-09-01,east_south_central,510.0
2001-10-01,east_south_central,570.0
2001-11-01,east_south_central,538.0
2001-12-01,east_south_central,563.0
2002-01-01,east_south_central,599.0
2002-02-01,east_south_central,528.0
2002-03-01,east_south_central,500.0
2002-04-01,east_south_central,461.0
2002-05-01,east_south_central,457.0
2002-06-01,east_south_central,486.0
2002-07-01,east_south_central,542.0
2002-08-01,east_south_central,527.0
2002-09-01,east_south_central,479.0
2002-10-01,east_south_central,435.0
2002-11-01,east_south_central,399.0
2002-12-01,east_south_central,436.0
2003-01-01,east_south_central,516.0
2003-02-01,east_south_central,436.0
2003-03-01,east_south_central,470.0
2003-04-01,east_south_central,450.0
2003-05-01,east_south_central,444.0
2003-06-01,east_south_central,474.0
2003-07-01,east_south_central,526.0
2003-08-01,east_south_central,512.0
2003-09-01,east_south_central,487.0
2003-10-01,east_south_central,503.0
2003-11-01,east_south_central,507.0
2003-12-01,east_south_central,500.0
2004-01-01,east_south_central,582.0
2004-02-01,east_south_central,513.0
2004-03-01,east_south_central,495.0
2004-04-01,east_south_central,569.0
2004-05-01,east_south_central,524.0
2004-06-01,east_south_central,532.0
2004-07-01,east_south_central,589.0
2004-08-01,east_south_central,572.0
2004-09-01,east_south_central,516.0
2004-10-01,east_south_central,559.0
2004-11-01,east_south_central,547.0
2004-12-01,east_south_central,537.0
2005-01-01,east_south_central,583.0
2005-02-01,east_south_central,503.0
2005-03-01,east_south_central,523.0
2005-04-01,east_south_central,496.0
2005-05-01,east_south_central,546.0
2005-06-01,east_south_central,533.0
2005-07-01,east_south_central,529.0
2005-08-01,east_south_central,529.0
2005-09-01,east_south_central,525.0
2005-10-01,east_south_central,535.0
2005-11-01,east_south_central,525.0
2005-12-01,east_south_central,530.0
2006-01-01,east_south_central,616.0
2006-02-01,east_south_central,499.0
2006-03-01,east_south_central,510.0
2006-04-01,east_south_central,529.0
2006-05-01,east_south_central,562.0
2006-06-01,east_south_central,556.0
2006-07-01,east_south_central,603.0
2006-08-01,east_south_central,587.0
2006-09-01,east_south_central,553.0
2006-10-01,east_south_central,575.0
2006-11-01,east_south_central,526.0
2006-12-01,east_south_central,578.0
2007-01-01,east_south_central,579.0
2007-02-01,east_south_central,509.0
2007-03-01,east_south_central,520.0
2007-04-01,east_south_central,567.0
2007-05-01,east_south_central,566.0
2007-06-01,east_south_central,568.0
2007-07-01,east_south_central,612.0
2007-08-01,east_south_central,586.0
2007-09-01,east_south_central,537.0
2007-10-01,east_south_central,557.0
2007-11-01,east_south_central,559.0
2007-12-01,east_south_central,569.0
2008-01-01,east_south_central,578.0
2008-02-01,east_south_central,519.0
2008-03-01,east_south_central,539.0
2008-04-01,east_south_central,478.0
2008-05-01,east_south_central,489.0
2008-06-01,east_south_central,512.0
2008-07-01,east_south_central,590.0
2008-08-01,east_south_central,525.0
2008-09-01,east_south_central,501.0
2008-10-01,east_south_central,543.0
2008-11-01,east_south_central,469.0
2008-12-01,east_south_central,431.0
2009-01-01,east_south_central,487.0
2009-02-01,east_south_central,415.0
2009-03-01,east_south_central,476.0
2009-04-01,east_south_central,425.0
2009-05-01,east_south_central,504.0
2009-06-01,east_south_central,461.0
2009-07-01,east_south_central,519.0
2009-08-01,east_south_central,540.0
2009-09-01,east_south_central,501.0
2009-10-01,east_south_central,508.0
2009-11-01,east_south_central,481.0
2009-12-01,east_south_central,472.0
2010-01-01,east_south_central,450.0
2010-02-01,east_south_central,412.0
2010-03-01,east_south_central,461.0
2010-04-01,east_south_central,429.0
2010-05-01,east_south_central,425.0
2010-06-01,east_south_central,451.0
2010-07-01,east_south_central,456.0
2010-08-01,east_south_central,463.0
2010-09-01,east_south_central,447.0
2010-10-01,east_south_central,430.0
2010-11-01,east_south_central,437.0
2010-12-01,east_south_central,447.0
2011-01-01,east_south_central,521.0
2011-02-01,east_south_central,464.0
2011-03-01,east_south_central,488.0
2011-04-01,east_south_central,498.0
2011-05-01,east_south_central,454.0
2011-06-01,east_south_central,479.0
2011-07-01,east_south_central,497.0
2011-08-01,east_south_central,502.0
2011-09-01,east_south_central,455.0
2011-10-01,east_south_central,435.0
2011-11-01,east_south_central,491.0
2011-12-01,east_south_central,494.0
2012-01-01,east_south_central,473.0
2012-02-01,east_south_central,474.0
2012-03-01,east_south_central,422.0
2012-04-01,east_south_central,408.0
2012-05-01,east_south_central,481.0
2012-06-01,east_south_central,452.0
2012-07-01,east_south_central,485.0
2012-08-01,east_south_central,464.0
2012-09-01,east_south_central,460.0
2012-10-01,east_south_central,419.0
2012-11-01,east_south_central,456.0
2012-12-01,east_south_central,459.0
2013-01-01,east_south_central,479.0
2013-02-01,east_south_central,443.0
2013-03-01,east_south_central,472.0
2013-04-01,east_south_central,429.0
2013-05-01,east_south_central,482.0
2013-06-01,east_south_central,501.0
2013-07-01,east_south_central,509.0
2013-08-01,east_south_central,549.0
2013-09-01,east_south_central,480.0
2013-10-01,east_south_central,438.0
2013-11-01,east_south_central,481.0
2013-12-01,east_south_central,498.0
2014-01-01,east_south_central,510.0
2014-02-01,east_south_central,461.0
2014-03-01,east_south_central,507.0
2014-04-01,east_south_central,486.0
2014-05-01,east_south_central,504.0
2014-06-01,east_south_central,486.0
2014-07-01,east_south_central,526.0
2014-08-01,east_south_central,528.0
2014-09-01,east_south_central,449.0
2014-10-01,east_south_central,477.0
2014-11-01,east_south_central,451.0
2014-12-01,east_south_central,490.0
2015-01-01,east_south_central,563.0
2015-02-01,east_south_central,505.0
2015-03-01,east_south_central,496.0
2015-04-01,east_south_central,526.0
2015-05-01,east_south_central,537.0
2015-06-01,east_south_central,513.0
2015-07-01,east_south_central,563.0
2015-08-01,east_south_central,559.0
2015-09-01,east_south_central,496.0
2015-10-01,east_south_central,517.0
2015-11-01,east_south_central,546.0
2015-12-01,east_south_central,542.0
2016-01-01,east_south_central,545.0
2016-02-01,east_south_central,537.0
2016-03-01,east_south_central,532.0
2016-04-01,east_south_central,453.0
2016-05-01,east_south_central,518.0
2016-06-01,east_south_central,560.0
2016-07-01,east_south_central,567.0
2016-08-01,east_south_central,561.0
2016-09-01,east_south_central,516.0
2016-10-01,east_south_central,520.0
2016-11-01,east_south_central,562.0
2016-12-01,east_south_central,546.0
2017-01-01,east_south_central,549.0
2017-02-01,east_south_central,502.0
2017-03-01,east_south_central,514.0
2017-04-01,east_south_central,535.0
2017-05-01,east_south_central,555.0
2017-06-01,east_south_central,587.0
2017-07-01,east_south_central,619.0
2017-08-01,east_south_central,608.0
2017-09-01,east_south_central,572.0
2017-10-01,east_south_central,564.0
2017-11-01,east_south_central,559.0
2017-12-01,east_south_central,603.0
2018-01-01,east_south_central,579.0
2018-02-01,east_south_central,520.0
2018-03-01,east_south_central,590.0
2018-04-01,east_south_central,562.0
2018-05-01,east_south_central,656.0
2018-06-01,east_south_central,659.0
2018-07-01,east_south_central,681.0
2018-08-01,east_south_central,654.0
2018-09-01,east_south_central,596.0
2018-10-01,east_south_central,612.0
2018-11-01,east_south_central,560.0
2018-12-01,east_south_central,560.0
2019-01-01,east_south_central,564.0
2019-02-01,east_south_central,535.0
2019-03-01,east_south_central,581.0
2019-04-01,east_south_central,534.0
2019-05-01,east_south_central,583.0
2019-06-01,east_south_central,593.0
2019-07-01,east_south_central,665.0
2019-08-01,east_south_central,672.0
2019-09-01,east_south_central,616.0
2019-10-01,east_south_central,612.0
2019-11-01,east_south_central,619.0
2019-12-01,east_south_central,587.0
2020-01-01,east_south_central,589.0
2020-02-01,east_south_central,586.0
2020-03-01,east_south_central,595.0
2020-04-01,east_south_central,620.0
2020-05-01,east_south_central,615.0
2020-06-01,east_south_central,580.0
2020-07-01,east_south_central,602.0
2020-08-01,east_south_central,629.0
2020-09-01,east_south_central,540.0
2020-10-01,east_south_central,529.0
2020-11-01,east_south_central,566.0
2020-12-01,east_south_central,567.0
2021-01-01,east_south_central,582.0
2021-02-01,east_south_central,508.0
2021-03-01,east_south_central,604.0
2021-04-01,east_south_central,617.0
2021-05-01,east_south_central,633.0
2021-06-01,east_south_central,612.0
2021-07-01,east_south_central,622.0
2021-08-01,east_south_central,611.0
2021-09-01,east_south_central,624.0
2021-10-01,east_south_central,587.0
2021-11-01,east_south_central,555.0
2021-12-01,east_south_central,569.0
2022-01-01,east_south_central,579.0
2022-02-01,east_south_central,551.0
2022-03-01,east_south_central,647.0
2022-04-01,east_south_central,669.0
2022-05-01,east_south_central,699.0
2022-06-01,east_south_central,745.0
2022-07-01,east_south_central,738.0
2022-08-01,east_south_central,676.0
2022-09-01,east_south_central,669.0
2022-10-01,east_south_central,570.0
2022-11-01,east_south_central,598.0
2022-12-01,east_south_central,563.0
2023-01-01,east_south_central,595.0
2023-02-01,east_south_central,558.0
2001-01-01,pacific_contiguous,1883.0
2001-02-01,pacific_contiguous,1642.0
2001-03-01,pacific_contiguous,1984.0
2001-04-01,pacific_contiguous,1982.0
2001-05-01,pacific_contiguous,1982.0
2001-06-01,pacific_contiguous,2162.0
2001-07-01,pacific_contiguous,2248.0
2001-08-01,pacific_contiguous,2218.0
2001-09-01,pacific_contiguous,2018.0
2001-10-01,pacific_contiguous,1952.0
2001-11-01,pacific_contiguous,1764.0
2001-12-01,pacific_contiguous,1854.0
2002-01-01,pacific_contiguous,2069.0
2002-02-01,pacific_contiguous,1829.0
2002-03-01,pacific_contiguous,2195.0
2002-04-01,pacific_contiguous,2116.0
2002-05-01,pacific_contiguous,2280.0
2002-06-01,pacific_contiguous,2442.0
2002-07-01,pacific_contiguous,2427.0
2002-08-01,pacific_contiguous,2420.0
2002-09-01,pacific_contiguous,2194.0
2002-10-01,pacific_contiguous,2183.0
2002-11-01,pacific_contiguous,2002.0
2002-12-01,pacific_contiguous,2022.0
2003-01-01,pacific_contiguous,2043.0
2003-02-01,pacific_contiguous,1942.0
2003-03-01,pacific_contiguous,2312.0
2003-04-01,pacific_contiguous,2280.0
2003-05-01,pacific_contiguous,2222.0
2003-06-01,pacific_contiguous,2496.0
2003-07-01,pacific_contiguous,2441.0
2003-08-01,pacific_contiguous,2383.0
2003-09-01,pacific_contiguous,2239.0
2003-10-01,pacific_contiguous,2228.0
2003-11-01,pacific_contiguous,2035.0
2003-12-01,pacific_contiguous,2135.0
2004-01-01,pacific_contiguous,2112.0
2004-02-01,pacific_contiguous,2028.0
2004-03-01,pacific_contiguous,2263.0
2004-04-01,pacific_contiguous,2218.0
2004-05-01,pacific_contiguous,2519.0
2004-06-01,pacific_contiguous,2626.0
2004-07-01,pacific_contiguous,2616.0
2004-08-01,pacific_contiguous,2491.0
2004-09-01,pacific_contiguous,2259.0
2004-10-01,pacific_contiguous,2255.0
2004-11-01,pacific_contiguous,1972.0
2004-12-01,pacific_contiguous,2039.0
2005-01-01,pacific_contiguous,2088.0
2005-02-01,pacific_contiguous,1808.0
2005-03-01,pacific_contiguous,2270.0
2005-04-01,pacific_contiguous,2268.0
2005-05-01,pacific_contiguous,2494.0
2005-06-01,pacific_contiguous,2589.0
2005-07-01,pacific_contiguous,2533.0
2005-08-01,pacific_contiguous,2421.0
2005-09-01,pacific_contiguous,2348.0
2005-10-01,pacific_contiguous,2267.0
2005-11-01,pacific_contiguous,2129.0
2005-12-01,pacific_contiguous,2153.0
2006-01-01,pacific_contiguous,2347.0
2006-02-01,pacific_contiguous,2008.0
2006-03-01,pacific_contiguous,2352.0
2006-04-01,pacific_contiguous,2172.0
2006-05-01,pacific_contiguous,2349.0
2006-06-01,pacific_contiguous,2499.0
2006-07-01,pacific_contiguous,2588.0
2006-08-01,pacific_contiguous,2584.0
2006-09-01,pacific_contiguous,2353.0
2006-10-01,pacific_contiguous,2398.0
2006-11-01,pacific_contiguous,2352.0
2006-12-01,pacific_contiguous,2248.0
2007-01-01,pacific_contiguous,2544.0
2007-02-01,pacific_contiguous,2141.0
2007-03-01,pacific_contiguous,2456.0
2007-04-01,pacific_contiguous,2586.0
2007-05-01,pacific_contiguous,2706.0
2007-06-01,pacific_contiguous,2860.0
2007-07-01,pacific_contiguous,2820.0
2007-08-01,pacific_contiguous,2769.0
2007-09-01,pacific_contiguous,2601.0
2007-10-01,pacific_contiguous,2484.0
2007-11-01,pacific_contiguous,2240.0
2007-12-01,pacific_contiguous,2598.0
2008-01-01,pacific_contiguous,2567.0
2008-02-01,pacific_contiguous,2390.0
2008-03-01,pacific_contiguous,2860.0
2008-04-01,pacific_contiguous,2890.0
2008-05-01,pacific_contiguous,2996.0
2008-06-01,pacific_contiguous,3233.0
2008-07-01,pacific_contiguous,3184.0
2008-08-01,pacific_contiguous,3106.0
2008-09-01,pacific_contiguous,2549.0
2008-10-01,pacific_contiguous,2500.0
2008-11-01,pacific_contiguous,2349.0
2008-12-01,pacific_contiguous,2521.0
2009-01-01,pacific_contiguous,2453.0
2009-02-01,pacific_contiguous,2181.0
2009-03-01,pacific_contiguous,3073.0
2009-04-01,pacific_contiguous,3037.0
2009-05-01,pacific_contiguous,3096.0
2009-06-01,pacific_contiguous,3447.0
2009-07-01,pacific_contiguous,3430.0
2009-08-01,pacific_contiguous,3416.0
2009-09-01,pacific_contiguous,2938.0
2009-10-01,pacific_contiguous,2862.0
2009-11-01,pacific_contiguous,2593.0
2009-12-01,pacific_contiguous,2331.0
2010-01-01,pacific_contiguous,2362.0
2010-02-01,pacific_contiguous,2137.0
2010-03-01,pacific_contiguous,2965.0
2010-04-01,pacific_contiguous,3431.0
2010-05-01,pacific_contiguous,3479.0
2010-06-01,pacific_contiguous,3752.0
2010-07-01,pacific_contiguous,3774.0
2010-08-01,pacific_contiguous,3658.0
2010-09-01,pacific_contiguous,3097.0
2010-10-01,pacific_contiguous,2744.0
2010-11-01,pacific_contiguous,2744.0
2010-12-01,pacific_contiguous,2681.0
2011-01-01,pacific_contiguous,2852.0
2011-02-01,pacific_contiguous,2894.0
2011-03-01,pacific_contiguous,3244.0
2011-04-01,pacific_contiguous,3900.0
2011-05-01,pacific_contiguous,3839.0
2011-06-01,pacific_contiguous,4041.0
2011-07-01,pacific_contiguous,3780.0
2011-08-01,pacific_contiguous,4029.0
2011-09-01,pacific_contiguous,3040.0
2011-10-01,pacific_contiguous,3163.0
2011-11-01,pacific_contiguous,3157.0
2011-12-01,pacific_contiguous,2788.0
2012-01-01,pacific_contiguous,3164.0
2012-02-01,pacific_contiguous,3311.0
2012-03-01,pacific_contiguous,4016.0
2012-04-01,pacific_contiguous,3631.0
2012-05-01,pacific_contiguous,4526.0
2012-06-01,pacific_contiguous,4679.0
2012-07-01,pacific_contiguous,4202.0
2012-08-01,pacific_contiguous,4143.0
2012-09-01,pacific_contiguous,3406.0
2012-10-01,pacific_contiguous,3633.0
2012-11-01,pacific_contiguous,2852.0
2012-12-01,pacific_contiguous,3824.0
2013-01-01,pacific_contiguous,3394.0
2013-02-01,pacific_contiguous,3842.0
2013-03-01,pacific_contiguous,4382.0
2013-04-01,pacific_contiguous,5301.0
2013-05-01,pacific_contiguous,5059.0
2013-06-01,pacific_contiguous,4956.0
2013-07-01,pacific_contiguous,5107.0
2013-08-01,pacific_contiguous,4787.0
2013-09-01,pacific_contiguous,4715.0
2013-10-01,pacific_contiguous,3764.0
2013-11-01,pacific_contiguous,3692.0
2013-12-01,pacific_contiguous,4034.0
2014-01-01,pacific_contiguous,3606.0
2014-02-01,pacific_contiguous,3960.0
2014-03-01,pacific_contiguous,5020.0
2014-04-01,pacific_contiguous,5418.0
2014-05-01,pacific_contiguous,6021.0
2014-06-01,pacific_contiguous,6590.0
2014-07-01,pacific_contiguous,5653.0
2014-08-01,pacific_contiguous,5501.0
2014-09-01,pacific_contiguous,4985.0
2014-10-01,pacific_contiguous,4522.0
2014-11-01,pacific_contiguous,4624.0
2014-12-01,pacific_contiguous,4037.0
2015-01-01,pacific_contiguous,3279.0
2015-02-01,pacific_contiguous,4095.0
2015-03-01,pacific_contiguous,4922.0
2015-04-01,pacific_contiguous,5706.0
2015-05-01,pacific_contiguous,6165.0
2015-06-01,pacific_contiguous,6238.0
2015-07-01,pacific_contiguous,6557.0
2015-08-01,pacific_contiguous,6521.0
2015-09-01,pacific_contiguous,4937.0
2015-10-01,pacific_contiguous,4585.0
2015-11-01,pacific_contiguous,4533.0
2015-12-01,pacific_contiguous,4876.0
2016-01-01,pacific_contiguous,3847.0
2016-02-01,pacific_contiguous,4353.0
2016-03-01,pacific_contiguous,5706.0
2016-04-01,pacific_contiguous,5921.0
2016-05-01,pacific_contiguous,6845.0
2016-06-01,pacific_contiguous,6802.0
2016-07-01,pacific_contiguous,7237.0
2016-08-01,pacific_contiguous,6667.0
2016-09-01,pacific_contiguous,5988.0
2016-10-01,pacific_contiguous,5328.0
2016-11-01,pacific_contiguous,4679.0
2016-12-01,pacific_contiguous,4773.0
2017-01-01,pacific_contiguous,4015.0
2017-02-01,pacific_contiguous,4175.0
2017-03-01,pacific_contiguous,5945.0
2017-04-01,pacific_contiguous,6520.0
2017-05-01,pacific_contiguous,7165.0
2017-06-01,pacific_contiguous,7831.0
2017-07-01,pacific_contiguous,7643.0
2017-08-01,pacific_contiguous,7184.0
2017-09-01,pacific_contiguous,6312.0
2017-10-01,pacific_contiguous,5838.0
2017-11-01,pacific_contiguous,4392.0
2017-12-01,pacific_contiguous,3925.0
2018-01-01,pacific_contiguous,4237.0
2018-02-01,pacific_contiguous,5928.0
2018-03-01,pacific_contiguous,6172.0
2018-04-01,pacific_contiguous,6864.0
2018-05-01,pacific_contiguous,8251.0
2018-06-01,pacific_contiguous,8509.0
2018-07-01,pacific_contiguous,7809.0
2018-08-01,pacific_contiguous,8027.0
2018-09-01,pacific_contiguous,6843.0
2018-10-01,pacific_contiguous,5609.0
2018-11-01,pacific_contiguous,4843.0
2018-12-01,pacific_contiguous,4480.0
2019-01-01,pacific_contiguous,4145.0
2019-02-01,pacific_contiguous,4841.0
2019-03-01,pacific_contiguous,5807.0
2019-04-01,pacific_contiguous,7133.0
2019-05-01,pacific_contiguous,7677.0
2019-06-01,pacific_contiguous,8499.0
2019-07-01,pacific_contiguous,8633.0
2019-08-01,pacific_contiguous,8115.0
2019-09-01,pacific_contiguous,7030.0
2019-10-01,pacific_contiguous,5929.0
2019-11-01,pacific_contiguous,4144.0
2019-12-01,pacific_contiguous,3624.0
2020-01-01,pacific_contiguous,5417.0
2020-02-01,pacific_contiguous,6343.0
2020-03-01,pacific_contiguous,6659.0
2020-04-01,pacific_contiguous,7436.0
2020-05-01,pacific_contiguous,8212.0
2020-06-01,pacific_contiguous,8391.0
2020-07-01,pacific_contiguous,9135.0
2020-08-01,pacific_contiguous,8074.0
2020-09-01,pacific_contiguous,5959.0
2020-10-01,pacific_contiguous,6415.0
2020-11-01,pacific_contiguous,5586.0
2020-12-01,pacific_contiguous,4950.0
2021-01-01,pacific_contiguous,5032.0
2021-02-01,pacific_contiguous,7029.0
2021-03-01,pacific_contiguous,7550.0
2021-04-01,pacific_contiguous,8984.0
2021-05-01,pacific_contiguous,9501.0
2021-06-01,pacific_contiguous,8933.0
2021-07-01,pacific_contiguous,8704.0
2021-08-01,pacific_contiguous,8688.0
2021-09-01,pacific_contiguous,7326.0
2021-10-01,pacific_contiguous,6616.0
2021-11-01,pacific_contiguous,5664.0
2021-12-01,pacific_contiguous,5444.0
2022-01-01,pacific_contiguous,6440.0
2022-02-01,pacific_contiguous,6931.0
2022-03-01,pacific_contiguous,8246.0
2022-04-01,pacific_contiguous,9016.0
2022-05-01,pacific_contiguous,9700.0
2022-06-01,pacific_contiguous,9075.0
2022-07-01,pacific_contiguous,8978.0
2022-08-01,pacific_contiguous,8273.0
2022-09-01,pacific_contiguous,7442.0
2022-10-01,pacific_contiguous,7411.0
2022-11-01,pacific_contiguous,7016.0
2022-12-01,pacific_contiguous,6284.0
2023-01-01,pacific_contiguous,6456.0
2023-02-01,pacific_contiguous,7143.0
2001-01-01,pacific_noncontiguous,42.0
2001-02-01,pacific_noncontiguous,36.0
2001-03-01,pacific_noncontiguous,30.0
2001-04-01,pacific_noncontiguous,44.0
2001-05-01,pacific_noncontiguous,48.0
2001-06-01,pacific_noncontiguous,49.0
2001-07-01,pacific_noncontiguous,46.0
2001-08-01,pacific_noncontiguous,43.0
2001-09-01,pacific_noncontiguous,36.0
2001-10-01,pacific_noncontiguous,46.0
2001-11-01,pacific_noncontiguous,39.0
2001-12-01,pacific_noncontiguous,40.0
2002-01-01,pacific_noncontiguous,36.0
2002-02-01,pacific_noncontiguous,35.0
2002-03-01,pacific_noncontiguous,34.0
2002-04-01,pacific_noncontiguous,19.0
2002-05-01,pacific_noncontiguous,35.0
2002-06-01,pacific_noncontiguous,38.0
2002-07-01,pacific_noncontiguous,41.0
2002-08-01,pacific_noncontiguous,39.0
2002-09-01,pacific_noncontiguous,38.0
2002-10-01,pacific_noncontiguous,24.0
2002-11-01,pacific_noncontiguous,18.0
2002-12-01,pacific_noncontiguous,25.0
2003-01-01,pacific_noncontiguous,22.0
2003-02-01,pacific_noncontiguous,23.0
2003-03-01,pacific_noncontiguous,36.0
2003-04-01,pacific_noncontiguous,47.0
2003-05-01,pacific_noncontiguous,52.0
2003-06-01,pacific_noncontiguous,51.0
2003-07-01,pacific_noncontiguous,53.0
2003-08-01,pacific_noncontiguous,51.0
2003-09-01,pacific_noncontiguous,50.0
2003-10-01,pacific_noncontiguous,49.0
2003-11-01,pacific_noncontiguous,52.0
2003-12-01,pacific_noncontiguous,47.0
2004-01-01,pacific_noncontiguous,48.0
2004-02-01,pacific_noncontiguous,46.0
2004-03-01,pacific_noncontiguous,36.0
2004-04-01,pacific_noncontiguous,49.0
2004-05-01,pacific_noncontiguous,45.0
2004-06-01,pacific_noncontiguous,48.0
2004-07-01,pacific_noncontiguous,50.0
2004-08-01,pacific_noncontiguous,49.0
2004-09-01,pacific_noncontiguous,47.0
2004-10-01,pacific_noncontiguous,42.0
2004-11-01,pacific_noncontiguous,49.0
2004-12-01,pacific_noncontiguous,50.0
2005-01-01,pacific_noncontiguous,48.0
2005-02-01,pacific_noncontiguous,44.0
2005-03-01,pacific_noncontiguous,50.0
2005-04-01,pacific_noncontiguous,35.0
2005-05-01,pacific_noncontiguous,44.0
2005-06-01,pacific_noncontiguous,49.0
2005-07-01,pacific_noncontiguous,50.0
2005-08-01,pacific_noncontiguous,43.0
2005-09-01,pacific_noncontiguous,47.0
2005-10-01,pacific_noncontiguous,38.0
2005-11-01,pacific_noncontiguous,46.0
2005-12-01,pacific_noncontiguous,49.0
2006-01-01,pacific_noncontiguous,51.0
2006-02-01,pacific_noncontiguous,47.0
2006-03-01,pacific_noncontiguous,49.0
2006-04-01,pacific_noncontiguous,44.0
2006-05-01,pacific_noncontiguous,55.0
2006-06-01,pacific_noncontiguous,54.0
2006-07-01,pacific_noncontiguous,57.0
2006-08-01,pacific_noncontiguous,50.0
2006-09-01,pacific_noncontiguous,54.0
2006-10-01,pacific_noncontiguous,53.0
2006-11-01,pacific_noncontiguous,51.0
2006-12-01,pacific_noncontiguous,59.0
2007-01-01,pacific_noncontiguous,50.0
2007-02-01,pacific_noncontiguous,41.0
2007-03-01,pacific_noncontiguous,51.0
2007-04-01,pacific_noncontiguous,69.0
2007-05-01,pacific_noncontiguous,69.0
2007-06-01,pacific_noncontiguous,74.0
2007-07-01,pacific_noncontiguous,80.0
2007-08-01,pacific_noncontiguous,67.0
2007-09-01,pacific_noncontiguous,57.0
2007-10-01,pacific_noncontiguous,82.0
2007-11-01,pacific_noncontiguous,59.0
2007-12-01,pacific_noncontiguous,65.0
2008-01-01,pacific_noncontiguous,68.0
2008-02-01,pacific_noncontiguous,47.0
2008-03-01,pacific_noncontiguous,64.0
2008-04-01,pacific_noncontiguous,63.0
2008-05-01,pacific_noncontiguous,73.0
2008-06-01,pacific_noncontiguous,75.0
2008-07-01,pacific_noncontiguous,76.0
2008-08-01,pacific_noncontiguous,79.0
2008-09-01,pacific_noncontiguous,63.0
2008-10-01,pacific_noncontiguous,59.0
2008-11-01,pacific_noncontiguous,64.0
2008-12-01,pacific_noncontiguous,49.0
2009-01-01,pacific_noncontiguous,53.0
2009-02-01,pacific_noncontiguous,61.0
2009-03-01,pacific_noncontiguous,66.0
2009-04-01,pacific_noncontiguous,57.0
2009-05-01,pacific_noncontiguous,39.0
2009-06-01,pacific_noncontiguous,65.0
2009-07-01,pacific_noncontiguous,70.0
2009-08-01,pacific_noncontiguous,73.0
2009-09-01,pacific_noncontiguous,75.0
2009-10-01,pacific_noncontiguous,51.0
2009-11-01,pacific_noncontiguous,66.0
2009-12-01,pacific_noncontiguous,42.0
2010-01-01,pacific_noncontiguous,40.0
2010-02-01,pacific_noncontiguous,38.0
2010-03-01,pacific_noncontiguous,59.0
2010-04-01,pacific_noncontiguous,66.0
2010-05-01,pacific_noncontiguous,75.0
2010-06-01,pacific_noncontiguous,77.0
2010-07-01,pacific_noncontiguous,73.0
2010-08-01,pacific_noncontiguous,94.0
2010-09-01,pacific_noncontiguous,73.0
2010-10-01,pacific_noncontiguous,73.0
2010-11-01,pacific_noncontiguous,51.0
2010-12-01,pacific_noncontiguous,47.0
2011-01-01,pacific_noncontiguous,50.0
2011-02-01,pacific_noncontiguous,48.0
2011-03-01,pacific_noncontiguous,86.0
2011-04-01,pacific_noncontiguous,58.0
2011-05-01,pacific_noncontiguous,78.0
2011-06-01,pacific_noncontiguous,82.0
2011-07-01,pacific_noncontiguous,81.0
2011-08-01,pacific_noncontiguous,94.0
2011-09-01,pacific_noncontiguous,70.0
2011-10-01,pacific_noncontiguous,82.0
2011-11-01,pacific_noncontiguous,86.0
2011-12-01,pacific_noncontiguous,81.0
2012-01-01,pacific_noncontiguous,47.0
2012-02-01,pacific_noncontiguous,62.0
2012-03-01,pacific_noncontiguous,77.0
2012-04-01,pacific_noncontiguous,79.0
2012-05-01,pacific_noncontiguous,96.0
2012-06-01,pacific_noncontiguous,79.0
2012-07-01,pacific_noncontiguous,105.0
2012-08-01,pacific_noncontiguous,83.0
2012-09-01,pacific_noncontiguous,89.0
2012-10-01,pacific_noncontiguous,73.0
2012-11-01,pacific_noncontiguous,90.0
2012-12-01,pacific_noncontiguous,84.0
2013-01-01,pacific_noncontiguous,74.0
2013-02-01,pacific_noncontiguous,115.0
2013-03-01,pacific_noncontiguous,79.0
2013-04-01,pacific_noncontiguous,93.0
2013-05-01,pacific_noncontiguous,107.0
2013-06-01,pacific_noncontiguous,138.0
2013-07-01,pacific_noncontiguous,134.0
2013-08-01,pacific_noncontiguous,135.0
2013-09-01,pacific_noncontiguous,131.0
2013-10-01,pacific_noncontiguous,108.0
2013-11-01,pacific_noncontiguous,104.0
2013-12-01,pacific_noncontiguous,107.0
2014-01-01,pacific_noncontiguous,87.0
2014-02-01,pacific_noncontiguous,63.0
2014-03-01,pacific_noncontiguous,104.0
2014-04-01,pacific_noncontiguous,149.0
2014-05-01,pacific_noncontiguous,108.0
2014-06-01,pacific_noncontiguous,151.0
2014-07-01,pacific_noncontiguous,164.0
2014-08-01,pacific_noncontiguous,134.0
2014-09-01,pacific_noncontiguous,99.0
2014-10-01,pacific_noncontiguous,126.0
2014-11-01,pacific_noncontiguous,119.0
2014-12-01,pacific_noncontiguous,116.0
2015-01-01,pacific_noncontiguous,70.0
2015-02-01,pacific_noncontiguous,90.0
2015-03-01,pacific_noncontiguous,101.0
2015-04-01,pacific_noncontiguous,146.0
2015-05-01,pacific_noncontiguous,139.0
2015-06-01,pacific_noncontiguous,117.0
2015-07-01,pacific_noncontiguous,128.0
2015-08-01,pacific_noncontiguous,136.0
2015-09-01,pacific_noncontiguous,132.0
2015-10-01,pacific_noncontiguous,104.0
2015-11-01,pacific_noncontiguous,142.0
2015-12-01,pacific_noncontiguous,129.0
2016-01-01,pacific_noncontiguous,70.0
2016-02-01,pacific_noncontiguous,81.0
2016-03-01,pacific_noncontiguous,105.0
2016-04-01,pacific_noncontiguous,145.0
2016-05-01,pacific_noncontiguous,124.0
2016-06-01,pacific_noncontiguous,148.0
2016-07-01,pacific_noncontiguous,141.0
2016-08-01,pacific_noncontiguous,167.0
2016-09-01,pacific_noncontiguous,146.0
2016-10-01,pacific_noncontiguous,165.0
2016-11-01,pacific_noncontiguous,154.0
2016-12-01,pacific_noncontiguous,114.0
2017-01-01,pacific_noncontiguous,119.0
2017-02-01,pacific_noncontiguous,123.0
2017-03-01,pacific_noncontiguous,141.0
2017-04-01,pacific_noncontiguous,135.0
2017-05-01,pacific_noncontiguous,136.0
2017-06-01,pacific_noncontiguous,122.0
2017-07-01,pacific_noncontiguous,117.0
2017-08-01,pacific_noncontiguous,115.0
2017-09-01,pacific_noncontiguous,121.0
2017-10-01,pacific_noncontiguous,132.0
2017-11-01,pacific_noncontiguous,123.0
2017-12-01,pacific_noncontiguous,124.0
2018-01-01,pacific_noncontiguous,128.0
2018-02-01,pacific_noncontiguous,107.0
2018-03-01,pacific_noncontiguous,127.0
2018-04-01,pacific_noncontiguous,130.0
2018-05-01,pacific_noncontiguous,117.0
2018-06-01,pacific_noncontiguous,128.0
2018-07-01,pacific_noncontiguous,102.0
2018-08-01,pacific_noncontiguous,114.0
2018-09-01,pacific_noncontiguous,103.0
2018-10-01,pacific_noncontiguous,115.0
2018-11-01,pacific_noncontiguous,112.0
2018-12-01,pacific_noncontiguous,118.0
2019-01-01,pacific_noncontiguous,98.0
2019-02-01,pacific_noncontiguous,93.0
2019-03-01,pacific_noncontiguous,111.0
2019-04-01,pacific_noncontiguous,115.0
2019-05-01,pacific_noncontiguous,109.0
2019-06-01,pacific_noncontiguous,98.0
2019-07-01,pacific_noncontiguous,101.0
2019-08-01,pacific_noncontiguous,96.0
2019-09-01,pacific_noncontiguous,111.0
2019-10-01,pacific_noncontiguous,118.0
2019-11-01,pacific_noncontiguous,109.0
2019-12-01,pacific_noncontiguous,109.0
2020-01-01,pacific_noncontiguous,110.0
2020-02-01,pacific_noncontiguous,113.0
2020-03-01,pacific_noncontiguous,121.0
2020-04-01,pacific_noncontiguous,118.0
2020-05-01,pacific_noncontiguous,136.0
2020-06-01,pacific_noncontiguous,135.0
2020-07-01,pacific_noncontiguous,133.0
2020-08-01,pacific_noncontiguous,140.0
2020-09-01,pacific_noncontiguous,137.0
2020-10-01,pacific_noncontiguous,107.0
2020-11-01,pacific_noncontiguous,134.0
2020-12-01,pacific_noncontiguous,126.0
2021-01-01,pacific_noncontiguous,149.0
2021-02-01,pacific_noncontiguous,121.0
2021-03-01,pacific_noncontiguous,143.0
2021-04-01,pacific_noncontiguous,138.0
2021-05-01,pacific_noncontiguous,147.0
2021-06-01,pacific_noncontiguous,155.0
2021-07-01,pacific_noncontiguous,165.0
2021-08-01,pacific_noncontiguous,166.0
2021-09-01,pacific_noncontiguous,167.0
2021-10-01,pacific_noncontiguous,166.0
2021-11-01,pacific_noncontiguous,128.0
2021-12-01,pacific_noncontiguous,156.0
2022-01-01,pacific_noncontiguous,135.0
2022-02-01,pacific_noncontiguous,141.0
2022-03-01,pacific_noncontiguous,157.0
2022-04-01,pacific_noncontiguous,183.0
2022-05-01,pacific_noncontiguous,163.0
2022-06-01,pacific_noncontiguous,174.0
2022-07-01,pacific_noncontiguous,193.0
2022-08-01,pacific_noncontiguous,169.0
2022-09-01,pacific_noncontiguous,159.0
2022-10-01,pacific_noncontiguous,159.0
2022-11-01,pacific_noncontiguous,182.0
2022-12-01,pacific_noncontiguous,150.0
2023-01-01,pacific_noncontiguous,130.0
2023-02-01,pacific_noncontiguous,157.0
2001-01-01,west_north_central,234.0
2001-02-01,west_north_central,196.0
2001-03-01,west_north_central,205.0
2001-04-01,west_north_central,244.0
2001-05-01,west_north_central,230.0
2001-06-01,west_north_central,204.0
2001-07-01,west_north_central,171.0
2001-08-01,west_north_central,178.0
2001-09-01,west_north_central,183.0
2001-10-01,west_north_central,239.0
2001-11-01,west_north_central,254.0
2001-12-01,west_north_central,307.0
2002-01-01,west_north_central,337.0
2002-02-01,west_north_central,347.0
2002-03-01,west_north_central,284.0
2002-04-01,west_north_central,326.0
2002-05-01,west_north_central,297.0
2002-06-01,west_north_central,266.0
2002-07-01,west_north_central,187.0
2002-08-01,west_north_central,222.0
2002-09-01,west_north_central,233.0
2002-10-01,west_north_central,244.0
2002-11-01,west_north_central,269.0
2002-12-01,west_north_central,294.0
2003-01-01,west_north_central,313.0
2003-02-01,west_north_central,306.0
2003-03-01,west_north_central,361.0
2003-04-01,west_north_central,336.0
2003-05-01,west_north_central,301.0
2003-06-01,west_north_central,238.0
2003-07-01,west_north_central,261.0
2003-08-01,west_north_central,231.0
2003-09-01,west_north_central,292.0
2003-10-01,west_north_central,344.0
2003-11-01,west_north_central,382.0
2003-12-01,west_north_central,425.0
2004-01-01,west_north_central,314.0
2004-02-01,west_north_central,344.0
2004-03-01,west_north_central,382.0
2004-04-01,west_north_central,331.0
2004-05-01,west_north_central,360.0
2004-06-01,west_north_central,259.0
2004-07-01,west_north_central,215.0
2004-08-01,west_north_central,252.0
2004-09-01,west_north_central,324.0
2004-10-01,west_north_central,312.0
2004-11-01,west_north_central,314.0
2004-12-01,west_north_central,369.0
2005-01-01,west_north_central,328.0
2005-02-01,west_north_central,363.0
2005-03-01,west_north_central,464.0
2005-04-01,west_north_central,477.0
2005-05-01,west_north_central,512.0
2005-06-01,west_north_central,420.0
2005-07-01,west_north_central,372.0
2005-08-01,west_north_central,295.0
2005-09-01,west_north_central,456.0
2005-10-01,west_north_central,466.0
2005-11-01,west_north_central,636.0
2005-12-01,west_north_central,590.0
2006-01-01,west_north_central,696.0
2006-02-01,west_north_central,608.0
2006-03-01,west_north_central,717.0
2006-04-01,west_north_central,702.0
2006-05-01,west_north_central,679.0
2006-06-01,west_north_central,473.0
2006-07-01,west_north_central,462.0
2006-08-01,west_north_central,411.0
2006-09-01,west_north_central,510.0
2006-10-01,west_north_central,677.0
2006-11-01,west_north_central,635.0
2006-12-01,west_north_central,794.0
2007-01-01,west_north_central,918.0
2007-02-01,west_north_central,687.0
2007-03-01,west_north_central,889.0
2007-04-01,west_north_central,814.0
2007-05-01,west_north_central,858.0
2007-06-01,west_north_central,598.0
2007-07-01,west_north_central,500.0
2007-08-01,west_north_central,500.0
2007-09-01,west_north_central,797.0
2007-10-01,west_north_central,834.0
2007-11-01,west_north_central,912.0
2007-12-01,west_north_central,778.0
2008-01-01,west_north_central,1090.0
2008-02-01,west_north_central,900.0
2008-03-01,west_north_central,1012.0
2008-04-01,west_north_central,1321.0
2008-05-01,west_north_central,1235.0
2008-06-01,west_north_central,946.0
2008-07-01,west_north_central,841.0
2008-08-01,west_north_central,859.0
2008-09-01,west_north_central,1106.0
2008-10-01,west_north_central,1385.0
2008-11-01,west_north_central,1476.0
2008-12-01,west_north_central,2064.0
2009-01-01,west_north_central,1865.0
2009-02-01,west_north_central,1896.0
2009-03-01,west_north_central,2174.0
2009-04-01,west_north_central,2195.0
2009-05-01,west_north_central,1972.0
2009-06-01,west_north_central,1345.0
2009-07-01,west_north_central,1242.0
2009-08-01,west_north_central,1495.0
2009-09-01,west_north_central,1284.0
2009-10-01,west_north_central,1950.0
2009-11-01,west_north_central,2127.0
2009-12-01,west_north_central,2104.0
2010-01-01,west_north_central,2066.0
2010-02-01,west_north_central,1633.0
2010-03-01,west_north_central,2394.0
2010-04-01,west_north_central,2514.0
2010-05-01,west_north_central,2373.0
2010-06-01,west_north_central,1809.0
2010-07-01,west_north_central,1613.0
2010-08-01,west_north_central,1939.0
2010-09-01,west_north_central,2229.0
2010-10-01,west_north_central,2446.0
2010-11-01,west_north_central,2863.0
2010-12-01,west_north_central,2541.0
2011-01-01,west_north_central,2496.0
2011-02-01,west_north_central,3160.0
2011-03-01,west_north_central,2792.0
2011-04-01,west_north_central,3169.0
2011-05-01,west_north_central,3390.0
2011-06-01,west_north_central,2643.0
2011-07-01,west_north_central,1718.0
2011-08-01,west_north_central,1621.0
2011-09-01,west_north_central,1937.0
2011-10-01,west_north_central,3288.0
2011-11-01,west_north_central,3679.0
2011-12-01,west_north_central,3431.0
2012-01-01,west_north_central,4036.0
2012-02-01,west_north_central,3060.0
2012-03-01,west_north_central,3717.0
2012-04-01,west_north_central,3640.0
2012-05-01,west_north_central,3624.0
2012-06-01,west_north_central,3123.0
2012-07-01,west_north_central,2166.0
2012-08-01,west_north_central,2270.0
2012-09-01,west_north_central,2627.0
2012-10-01,west_north_central,3887.0
2012-11-01,west_north_central,3909.0
2012-12-01,west_north_central,3671.0
2013-01-01,west_north_central,4593.0
2013-02-01,west_north_central,3775.0
2013-03-01,west_north_central,4062.0
2013-04-01,west_north_central,4358.0
2013-05-01,west_north_central,4266.0
2013-06-01,west_north_central,3431.0
2013-07-01,west_north_central,2811.0
2013-08-01,west_north_central,2413.0
2013-09-01,west_north_central,3687.0
2013-10-01,west_north_central,4202.0
2013-11-01,west_north_central,4906.0
2013-12-01,west_north_central,3908.0
2014-01-01,west_north_central,5547.0
2014-02-01,west_north_central,4249.0
2014-03-01,west_north_central,5118.0
2014-04-01,west_north_central,5237.0
2014-05-01,west_north_central,3988.0
2014-06-01,west_north_central,3619.0
2014-07-01,west_north_central,3294.0
2014-08-01,west_north_central,2322.0
2014-09-01,west_north_central,3597.0
2014-10-01,west_north_central,4556.0
2014-11-01,west_north_central,5760.0
2014-12-01,west_north_central,4245.0
2015-01-01,west_north_central,5228.0
2015-02-01,west_north_central,4490.0
2015-03-01,west_north_central,4916.0
2015-04-01,west_north_central,5029.0
2015-05-01,west_north_central,4733.0
2015-06-01,west_north_central,3161.0
2015-07-01,west_north_central,2958.0
2015-08-01,west_north_central,3341.0
2015-09-01,west_north_central,4266.0
2015-10-01,west_north_central,4970.0
2015-11-01,west_north_central,5800.0
2015-12-01,west_north_central,5327.0
2016-01-01,west_north_central,5082.0
2016-02-01,west_north_central,5581.0
2016-03-01,west_north_central,5883.0
2016-04-01,west_north_central,6623.0
2016-05-01,west_north_central,4527.0
2016-06-01,west_north_central,4387.0
2016-07-01,west_north_central,3794.0
2016-08-01,west_north_central,3343.0
2016-09-01,west_north_central,5099.0
2016-10-01,west_north_central,5830.0
2016-11-01,west_north_central,6042.0
2016-12-01,west_north_central,7227.0
2017-01-01,west_north_central,6055.0
2017-02-01,west_north_central,6800.0
2017-03-01,west_north_central,7781.0
2017-04-01,west_north_central,7259.0
2017-05-01,west_north_central,6573.0
2017-06-01,west_north_central,5743.0
2017-07-01,west_north_central,4100.0
2017-08-01,west_north_central,3462.0
2017-09-01,west_north_central,5701.0
2017-10-01,west_north_central,7623.0
2017-11-01,west_north_central,7083.0
2017-12-01,west_north_central,7485.0
2018-01-01,west_north_central,7876.0
2018-02-01,west_north_central,6441.0
2018-03-01,west_north_central,7494.0
2018-04-01,west_north_central,7256.0
2018-05-01,west_north_central,5585.0
2018-06-01,west_north_central,6510.0
2018-07-01,west_north_central,4089.0
2018-08-01,west_north_central,4871.0
2018-09-01,west_north_central,6212.0
2018-10-01,west_north_central,6251.0
2018-11-01,west_north_central,6350.0
2018-12-01,west_north_central,7300.0
2019-01-01,west_north_central,7005.0
2019-02-01,west_north_central,5849.0
2019-03-01,west_north_central,8085.0
2019-04-01,west_north_central,8151.0
2019-05-01,west_north_central,6801.0
2019-06-01,west_north_central,5772.0
2019-07-01,west_north_central,5743.0
2019-08-01,west_north_central,4892.0
2019-09-01,west_north_central,7814.0
2019-10-01,west_north_central,8866.0
2019-11-01,west_north_central,8321.0
2019-12-01,west_north_central,8244.0
2020-01-01,west_north_central,7735.0
2020-02-01,west_north_central,8910.0
2020-03-01,west_north_central,9022.0
2020-04-01,west_north_central,8953.0
2020-05-01,west_north_central,8141.0
2020-06-01,west_north_central,9594.0
2020-07-01,west_north_central,6296.0
2020-08-01,west_north_central,7481.0
2020-09-01,west_north_central,8817.0
2020-10-01,west_north_central,9564.0
2020-11-01,west_north_central,10861.0
2020-12-01,west_north_central,9764.0
2021-01-01,west_north_central,9538.0
2021-02-01,west_north_central,7572.0
2021-03-01,west_north_central,11838.0
2021-04-01,west_north_central,11479.0
2021-05-01,west_north_central,10512.0
2021-06-01,west_north_central,7798.0
2021-07-01,west_north_central,6806.0
2021-08-01,west_north_central,9018.0
2021-09-01,west_north_central,9900.0
2021-10-01,west_north_central,10458.0
2021-11-01,west_north_central,12066.0
2021-12-01,west_north_central,12582.0
2022-01-01,west_north_central,13094.0
2022-02-01,west_north_central,12794.0
2022-03-01,west_north_central,14248.0
2022-04-01,west_north_central,14251.0
2022-05-01,west_north_central,11865.0
2022-06-01,west_north_central,9919.0
2022-07-01,west_north_central,8248.0
2022-08-01,west_north_central,7837.0
2022-09-01,west_north_central,9720.0
2022-10-01,west_north_central,11074.0
2022-11-01,west_north_central,14125.0
2022-12-01,west_north_central,12626.0
2023-01-01,west_north_central,11157.0
2023-02-01,west_north_central,13059.0
2001-01-01,west_south_central,558.0
2001-02-01,west_south_central,572.0
2001-03-01,west_south_central,526.0
2001-04-01,west_south_central,577.0
2001-05-01,west_south_central,479.0
2001-06-01,west_south_central,456.0
2001-07-01,west_south_central,536.0
2001-08-01,west_south_central,551.0
2001-09-01,west_south_central,548.0
2001-10-01,west_south_central,663.0
2001-11-01,west_south_central,551.0
2001-12-01,west_south_central,611.0
2002-01-01,west_south_central,797.0
2002-02-01,west_south_central,650.0
2002-03-01,west_south_central,698.0
2002-04-01,west_south_central,692.0
2002-05-01,west_south_central,727.0
2002-06-01,west_south_central,763.0
2002-07-01,west_south_central,732.0
2002-08-01,west_south_central,779.0
2002-09-01,west_south_central,698.0
2002-10-01,west_south_central,714.0
2002-11-01,west_south_central,682.0
2002-12-01,west_south_central,678.0
2003-01-01,west_south_central,699.0
2003-02-01,west_south_central,664.0
2003-03-01,west_south_central,726.0
2003-04-01,west_south_central,816.0
2003-05-01,west_south_central,740.0
2003-06-01,west_south_central,783.0
2003-07-01,west_south_central,813.0
2003-08-01,west_south_central,765.0
2003-09-01,west_south_central,759.0
2003-10-01,west_south_central,731.0
2003-11-01,west_south_central,772.0
2003-12-01,west_south_central,942.0
2004-01-01,west_south_central,841.0
2004-02-01,west_south_central,780.0
2004-03-01,west_south_central,877.0
2004-04-01,west_south_central,874.0
2004-05-01,west_south_central,928.0
2004-06-01,west_south_central,850.0
2004-07-01,west_south_central,794.0
2004-08-01,west_south_central,718.0
2004-09-01,west_south_central,763.0
2004-10-01,west_south_central,789.0
2004-11-01,west_south_central,765.0
2004-12-01,west_south_central,866.0
2005-01-01,west_south_central,863.0
2005-02-01,west_south_central,715.0
2005-03-01,west_south_central,914.0
2005-04-01,west_south_central,1035.0
2005-05-01,west_south_central,958.0
2005-06-01,west_south_central,1051.0
2005-07-01,west_south_central,876.0
2005-08-01,west_south_central,820.0
2005-09-01,west_south_central,870.0
2005-10-01,west_south_central,939.0
2005-11-01,west_south_central,894.0
2005-12-01,west_south_central,1159.0
2006-01-01,west_south_central,1233.0
2006-02-01,west_south_central,1031.0
2006-03-01,west_south_central,1229.0
2006-04-01,west_south_central,1262.0
2006-05-01,west_south_central,1265.0
2006-06-01,west_south_central,1118.0
2006-07-01,west_south_central,1123.0
2006-08-01,west_south_central,983.0
2006-09-01,west_south_central,1142.0
2006-10-01,west_south_central,1322.0
2006-11-01,west_south_central,1440.0
2006-12-01,west_south_central,1366.0
2007-01-01,west_south_central,1168.0
2007-02-01,west_south_central,1357.0
2007-03-01,west_south_central,1481.0
2007-04-01,west_south_central,1455.0
2007-05-01,west_south_central,1228.0
2007-06-01,west_south_central,1175.0
2007-07-01,west_south_central,1035.0
2007-08-01,west_south_central,1558.0
2007-09-01,west_south_central,1412.0
2007-10-01,west_south_central,1800.0
2007-11-01,west_south_central,1645.0
2007-12-01,west_south_central,1707.0
2008-01-01,west_south_central,1879.0
2008-02-01,west_south_central,1836.0
2008-03-01,west_south_central,2290.0
2008-04-01,west_south_central,2311.0
2008-05-01,west_south_central,2385.0
2008-06-01,west_south_central,2450.0
2008-07-01,west_south_central,1913.0
2008-08-01,west_south_central,1264.0
2008-09-01,west_south_central,1227.0
2008-10-01,west_south_central,2182.0
2008-11-01,west_south_central,2100.0
2008-12-01,west_south_central,2576.0
2009-01-01,west_south_central,2300.0
2009-02-01,west_south_central,2328.0
2009-03-01,west_south_central,2604.0
2009-04-01,west_south_central,2753.0
2009-05-01,west_south_central,2115.0
2009-06-01,west_south_central,2249.0
2009-07-01,west_south_central,2031.0
2009-08-01,west_south_central,2128.0
2009-09-01,west_south_central,1814.0
2009-10-01,west_south_central,2625.0
2009-11-01,west_south_central,2518.0
2009-12-01,west_south_central,2519.0
2010-01-01,west_south_central,2651.0
2010-02-01,west_south_central,2264.0
2010-03-01,west_south_central,3539.0
2010-04-01,west_south_central,3633.0
2010-05-01,west_south_central,3085.0
2010-06-01,west_south_central,3423.0
2010-07-01,west_south_central,2651.0
2010-08-01,west_south_central,2433.0
2010-09-01,west_south_central,2410.0
2010-10-01,west_south_central,2645.0
2010-11-01,west_south_central,3703.0
2010-12-01,west_south_central,3521.0
2011-01-01,west_south_central,2923.0
2011-02-01,west_south_central,3448.0
2011-03-01,west_south_central,3741.0
2011-04-01,west_south_central,4058.0
2011-05-01,west_south_central,4098.0
2011-06-01,west_south_central,4437.0
2011-07-01,west_south_central,2933.0
2011-08-01,west_south_central,2795.0
2011-09-01,west_south_central,2549.0
2011-10-01,west_south_central,3699.0
2011-11-01,west_south_central,4009.0
2011-12-01,west_south_central,3521.0
2012-01-01,west_south_central,4285.0
2012-02-01,west_south_central,3614.0
2012-03-01,west_south_central,4609.0
2012-04-01,west_south_central,4070.0
2012-05-01,west_south_central,4042.0
2012-06-01,west_south_central,3775.0
2012-07-01,west_south_central,3214.0
2012-08-01,west_south_central,2888.0
2012-09-01,west_south_central,3207.0
2012-10-01,west_south_central,4087.0
2012-11-01,west_south_central,4047.0
2012-12-01,west_south_central,4791.0
2013-01-01,west_south_central,4120.0
2013-02-01,west_south_central,4360.0
2013-03-01,west_south_central,5382.0
2013-04-01,west_south_central,5400.0
2013-05-01,west_south_central,5599.0
2013-06-01,west_south_central,4925.0
2013-07-01,west_south_central,3735.0
2013-08-01,west_south_central,3432.0
2013-09-01,west_south_central,3316.0
2013-10-01,west_south_central,4722.0
2013-11-01,west_south_central,4584.0
2013-12-01,west_south_central,4078.0
2014-01-01,west_south_central,5641.0
2014-02-01,west_south_central,3927.0
2014-03-01,west_south_central,5504.0
2014-04-01,west_south_central,5808.0
2014-05-01,west_south_central,5035.0
2014-06-01,west_south_central,5883.0
2014-07-01,west_south_central,4183.0
2014-08-01,west_south_central,3899.0
2014-09-01,west_south_central,3720.0
2014-10-01,west_south_central,4408.0
2014-11-01,west_south_central,5768.0
2014-12-01,west_south_central,4905.0
2015-01-01,west_south_central,4602.0
2015-02-01,west_south_central,4880.0
2015-03-01,west_south_central,3958.0
2015-04-01,west_south_central,5827.0
2015-05-01,west_south_central,6025.0
2015-06-01,west_south_central,5065.0
2015-07-01,west_south_central,5772.0
2015-08-01,west_south_central,4729.0
2015-09-01,west_south_central,5285.0
2015-10-01,west_south_central,5221.0
2015-11-01,west_south_central,6821.0
2015-12-01,west_south_central,7006.0
2016-01-01,west_south_central,6438.0
2016-02-01,west_south_central,7453.0
2016-03-01,west_south_central,8208.0
2016-04-01,west_south_central,6997.0
2016-05-01,west_south_central,7439.0
2016-06-01,west_south_central,5721.0
2016-07-01,west_south_central,8016.0
2016-08-01,west_south_central,5584.0
2016-09-01,west_south_central,5990.0
2016-10-01,west_south_central,8121.0
2016-11-01,west_south_central,6873.0
2016-12-01,west_south_central,7813.0
2017-01-01,west_south_central,8415.0
2017-02-01,west_south_central,8459.0
2017-03-01,west_south_central,10235.0
2017-04-01,west_south_central,9937.0
2017-05-01,west_south_central,8941.0
2017-06-01,west_south_central,7522.0
2017-07-01,west_south_central,6747.0
2017-08-01,west_south_central,5431.0
2017-09-01,west_south_central,7278.0
2017-10-01,west_south_central,9294.0
2017-11-01,west_south_central,8598.0
2017-12-01,west_south_central,8107.0
2018-01-01,west_south_central,10030.0
2018-02-01,west_south_central,8960.0
2018-03-01,west_south_central,10754.0
2018-04-01,west_south_central,11050.0
2018-05-01,west_south_central,10892.0
2018-06-01,west_south_central,11341.0
2018-07-01,west_south_central,6731.0
2018-08-01,west_south_central,8939.0
2018-09-01,west_south_central,6759.0
2018-10-01,west_south_central,8181.0
2018-11-01,west_south_central,8937.0
2018-12-01,west_south_central,9829.0
2019-01-01,west_south_central,10065.0
2019-02-01,west_south_central,9340.0
2019-03-01,west_south_central,9913.0
2019-04-01,west_south_central,11469.0
2019-05-01,west_south_central,11016.0
2019-06-01,west_south_central,9242.0
2019-07-01,west_south_central,9865.0
2019-08-01,west_south_central,9493.0
2019-09-01,west_south_central,10009.0
2019-10-01,west_south_central,11398.0
2019-11-01,west_south_central,10130.0
2019-12-01,west_south_central,10678.0
2020-01-01,west_south_central,11430.0
2020-02-01,west_south_central,11145.0
2020-03-01,west_south_central,11095.0
2020-04-01,west_south_central,11666.0
2020-05-01,west_south_central,11759.0
2020-06-01,west_south_central,13300.0
2020-07-01,west_south_central,10666.0
2020-08-01,west_south_central,10124.0
2020-09-01,west_south_central,8641.0
2020-10-01,west_south_central,11485.0
2020-11-01,west_south_central,11889.0
2020-12-01,west_south_central,12346.0
2021-01-01,west_south_central,11897.0
2021-02-01,west_south_central,9216.0
2021-03-01,west_south_central,15935.0
2021-04-01,west_south_central,14149.0
2021-05-01,west_south_central,14040.0
2021-06-01,west_south_central,11417.0
2021-07-01,west_south_central,9574.0
2021-08-01,west_south_central,12191.0
2021-09-01,west_south_central,12010.0
2021-10-01,west_south_central,13610.0
2021-11-01,west_south_central,13365.0
2021-12-01,west_south_central,14816.0
2022-01-01,west_south_central,13562.0
2022-02-01,west_south_central,13563.0
2022-03-01,west_south_central,16624.0
2022-04-01,west_south_central,18701.0
2022-05-01,west_south_central,19092.0
2022-06-01,west_south_central,16336.0
2022-07-01,west_south_central,15456.0
2022-08-01,west_south_central,11783.0
2022-09-01,west_south_central,11623.0
2022-10-01,west_south_central,13096.0
2022-11-01,west_south_central,15009.0
2022-12-01,west_south_central,14466.0
2023-01-01,west_south_central,17114.0
2023-02-01,west_south_central,16348.0
2001-01-01,united_states,6025.0
2001-02-01,united_states,5310.0
2001-03-01,united_states,5795.0
2001-04-01,united_states,5827.0
2001-05-01,united_states,5738.0
2001-06-01,united_states,5964.0
2001-07-01,united_states,6244.0
2001-08-01,united_states,6293.0
2001-09-01,united_states,5770.0
2001-10-01,united_states,6050.0
2001-11-01,united_states,5713.0
2001-12-01,united_states,6038.0
2002-01-01,united_states,6599.0
2002-02-01,united_states,5800.0
2002-03-01,united_states,6354.0
2002-04-01,united_states,6543.0
2002-05-01,united_states,6760.0
2002-06-01,united_states,7066.0
2002-07-01,united_states,7056.0
2002-08-01,united_states,7044.0
2002-09-01,united_states,6582.0
2002-10-01,united_states,6559.0
2002-11-01,united_states,6250.0
2002-12-01,united_states,6497.0
2003-01-01,united_states,6500.0
2003-02-01,united_states,5962.0
2003-03-01,united_states,6719.0
2003-04-01,united_states,6674.0
2003-05-01,united_states,6473.0
2003-06-01,united_states,6678.0
2003-07-01,united_states,7009.0
2003-08-01,united_states,6790.0
2003-09-01,united_states,6537.0
2003-10-01,united_states,6548.0
2003-11-01,united_states,6531.0
2003-12-01,united_states,7067.0
2004-01-01,united_states,6888.0
2004-02-01,united_states,6489.0
2004-03-01,united_states,7001.0
2004-04-01,united_states,6895.0
2004-05-01,united_states,7339.0
2004-06-01,united_states,7098.0
2004-07-01,united_states,7267.0
2004-08-01,united_states,7027.0
2004-09-01,united_states,6697.0
2004-10-01,united_states,6851.0
2004-11-01,united_states,6492.0
2004-12-01,united_states,7024.0
2005-01-01,united_states,7004.0
2005-02-01,united_states,6221.0
2005-03-01,united_states,7369.0
2005-04-01,united_states,7201.0
2005-05-01,united_states,7544.0
2005-06-01,united_states,7636.0
2005-07-01,united_states,7565.0
2005-08-01,united_states,7236.0
2005-09-01,united_states,7294.0
2005-10-01,united_states,7182.0
2005-11-01,united_states,7322.0
2005-12-01,united_states,7756.0
2006-01-01,united_states,8435.0
2006-02-01,united_states,7374.0
2006-03-01,united_states,8199.0
2006-04-01,united_states,7860.0
2006-05-01,united_states,8036.0
2006-06-01,united_states,7782.0
2006-07-01,united_states,8121.0
2006-08-01,united_states,7894.0
2006-09-01,united_states,7720.0
2006-10-01,united_states,8295.0
2006-11-01,united_states,8304.0
2006-12-01,united_states,8505.0
2007-01-01,united_states,8668.0
2007-02-01,united_states,7877.0
2007-03-01,united_states,8778.0
2007-04-01,united_states,8693.0
2007-05-01,united_states,8621.0
2007-06-01,united_states,8549.0
2007-07-01,united_states,8371.0
2007-08-01,united_states,8895.0
2007-09-01,united_states,8843.0
2007-10-01,united_states,9362.0
2007-11-01,united_states,9029.0
2007-12-01,united_states,9553.0
2008-01-01,united_states,10243.0
2008-02-01,united_states,9349.0
2008-03-01,united_states,10703.0
2008-04-01,united_states,10971.0
2008-05-01,united_states,11100.0
2008-06-01,united_states,11145.0
2008-07-01,united_states,10333.0
2008-08-01,united_states,9514.0
2008-09-01,united_states,8924.0
2008-10-01,united_states,10647.0
2008-11-01,united_states,10782.0
2008-12-01,united_states,12390.0
2009-01-01,united_states,11739.0
2009-02-01,united_states,11231.0
2009-03-01,united_states,12950.0
2009-04-01,united_states,12986.0
2009-05-01,united_states,11864.0
2009-06-01,united_states,11467.0
2009-07-01,united_states,11187.0
2009-08-01,united_states,11791.0
2009-09-01,united_states,10524.0
2009-10-01,united_states,12668.0
2009-11-01,united_states,12810.0
2009-12-01,united_states,13061.0
2010-01-01,united_states,12805.0
2010-02-01,united_states,10901.0
2010-03-01,united_states,14654.0
2010-04-01,united_states,15607.0
2010-05-01,united_states,14631.0
2010-06-01,united_states,14209.0
2010-07-01,united_states,13107.0
2010-08-01,united_states,13100.0
2010-09-01,united_states,13227.0
2010-10-01,united_states,13791.0
2010-11-01,united_states,15782.0
2010-12-01,united_states,15359.0
2011-01-01,united_states,14742.0
2011-02-01,united_states,16116.0
2011-03-01,united_states,16650.0
2011-04-01,united_states,18125.0
2011-05-01,united_states,17638.0
2011-06-01,united_states,17284.0
2011-07-01,united_states,14000.0
2011-08-01,united_states,14054.0
2011-09-01,united_states,13048.0
2011-10-01,united_states,16550.0
2011-11-01,united_states,18589.0
2011-12-01,united_states,17185.0
2012-01-01,united_states,19904.0
2012-02-01,united_states,16996.0
2012-03-01,united_states,20201.0
2012-04-01,united_states,18563.0
2012-05-01,united_states,18898.0
2012-06-01,united_states,18469.0
2012-07-01,united_states,15726.0
2012-08-01,united_states,15330.0
2012-09-01,united_states,15402.0
2012-10-01,united_states,19225.0
2012-11-01,united_states,18217.0
2012-12-01,united_states,21401.0
2013-01-01,united_states,21518.0
2013-02-01,united_states,20330.0
2013-03-01,united_states,22810.0
2013-04-01,united_states,23961.0
2013-05-01,united_states,23254.0
2013-06-01,united_states,20954.0
2013-07-01,united_states,18593.0
2013-08-01,united_states,17382.0
2013-09-01,united_states,18991.0
2013-10-01,united_states,21058.0
2013-11-01,united_states,23030.0
2013-12-01,united_states,21626.0
2014-01-01,united_states,25493.0
2014-02-01,united_states,21001.0
2014-03-01,united_states,25851.0
2014-04-01,united_states,26476.0
2014-05-01,united_states,23822.0
2014-06-01,united_states,24464.0
2014-07-01,united_states,21044.0
2014-08-01,united_states,19021.0
2014-09-01,united_states,19893.0
2014-10-01,united_states,22718.0
2014-11-01,united_states,26807.0
2014-12-01,united_states,22621.0
2015-01-01,united_states,23121.0
2015-02-01,united_states,22561.0
2015-03-01,united_states,23943.0
2015-04-01,united_states,26494.0
2015-05-01,united_states,26182.0
2015-06-01,united_states,22561.0
2015-07-01,united_states,23454.0
2015-08-01,united_states,22821.0
2015-09-01,united_states,22647.0
2015-10-01,united_states,24708.0
2015-11-01,united_states,28065.0
2015-12-01,united_states,28602.0
2016-01-01,united_states,26679.0
2016-02-01,united_states,28738.0
2016-03-01,united_states,31084.0
2016-04-01,united_states,29666.0
2016-05-01,united_states,28711.0
2016-06-01,united_states,26236.0
2016-07-01,united_states,28372.0
2016-08-01,united_states,24465.0
2016-09-01,united_states,26529.0
2016-10-01,united_states,29749.0
2016-11-01,united_states,28819.0
2016-12-01,united_states,32583.0
2017-01-01,united_states,29929.0
2017-02-01,united_states,30964.0
2017-03-01,united_states,36935.0
2017-04-01,united_states,36514.0
2017-05-01,united_states,35193.0
2017-06-01,united_states,32774.0
2017-07-01,united_states,28588.0
2017-08-01,united_states,26186.0
2017-09-01,united_states,29297.0
2017-10-01,united_states,35264.0
2017-11-01,united_states,32359.0
2017-12-01,united_states,32246.0
2018-01-01,united_states,35762.0
2018-02-01,united_states,33311.0
2018-03-01,united_states,38256.0
2018-04-01,united_states,38503.0
2018-05-01,united_states,37268.0
2018-06-01,united_states,38608.0
2018-07-01,united_states,30071.0
2018-08-01,united_states,33296.0
2018-09-01,united_states,30679.0
2018-10-01,united_states,32396.0
2018-11-01,united_states,32077.0
2018-12-01,united_states,34065.0
2019-01-01,united_states,34409.0
2019-02-01,united_states,32291.0
2019-03-01,united_states,37935.0
2019-04-01,united_states,41238.0
2019-05-01,united_states,38898.0
2019-06-01,united_states,36485.0
2019-07-01,united_states,36724.0
2019-08-01,united_states,34422.0
2019-09-01,united_states,37439.0
2019-10-01,united_states,39495.0
2019-11-01,united_states,35194.0
2019-12-01,united_states,36268.0
2020-01-01,united_states,38708.0
2020-02-01,united_states,40534.0
2020-03-01,united_states,41951.0
2020-04-01,united_states,43453.0
2020-05-01,united_states,43902.0
2020-06-01,united_states,45420.0
2020-07-01,united_states,39371.0
2020-08-01,united_states,38389.0
2020-09-01,united_states,36585.0
2020-10-01,united_states,41525.0
2020-11-01,united_states,44699.0
2020-12-01,united_states,43202.0
2021-01-01,united_states,41790.0
2021-02-01,united_states,38591.0
2021-03-01,united_states,54426.0
2021-04-01,united_states,52588.0
2021-05-01,united_states,52059.0
2021-06-01,united_states,44703.0
2021-07-01,united_states,40003.0
2021-08-01,united_states,45159.0
2021-09-01,united_states,45997.0
2021-10-01,united_states,47077.0
2021-11-01,united_states,49195.0
2021-12-01,united_states,52094.0
2022-01-01,united_states,52376.0
2022-02-01,united_states,52928.0
2022-03-01,united_states,60735.0
2022-04-01,united_states,64877.0
2022-05-01,united_states,62743.0
2022-06-01,united_states,55583.0
2022-07-01,united_states,51436.0
2022-08-01,united_states,45015.0
2022-09-01,united_states,46161.0
2022-10-01,united_states,50478.0
2022-11-01,united_states,56144.0
2022-12-01,united_states,52394.0
2023-01-01,united_states,53152.0
2023-02-01,united_states,56626.0
